"role","trait","unit","mean","sd","eps"
"resident","ln J","ln J",2.32275154493279,0.252373006179605,0.0252373006179605
"invader","ln J","ln J",2.32275154493279,0.252373006179605,0.0252373006179605
"resident","lma","elasticity",-9.59074625192497,0.865187830441221,0.0865187830441221
"resident","a_dG2","elasticity",1.10435429730795,0.189878027926389,0.0189878027926389
"resident","rho","elasticity",-6.90074577499753,0.67304081071671,0.067304081071671
"resident","hmat","elasticity",-10.1816674820651,0.823821739925302,0.0823821739925302
"resident","omega","elasticity",-0.274823553265653,0.0163621838907992,0.00163621838907992
"resident","theta","elasticity",-4.27253247546511,0.52136021104462,0.052136021104462
"resident","a_l1","elasticity",1.6459262496052,0.155928426200379,0.0155928426200379
"resident","a_l2","elasticity",2.31701832262372,0.484017955046249,0.0484017955046249
"resident","a_r1","elasticity",2.90099532517918,0.282484728355013,0.0282484728355013
"resident","a_b1","elasticity",-1.24142049175203,0.093530811969132,0.0093530811969132
"resident","r_s","elasticity",-1.24396731207549,0.0814448762245535,0.00814448762245535
"resident","r_b","elasticity",-0.422948886105667,0.0276912579163486,0.00276912579163486
"resident","r_r","elasticity",-1.49542908749731,0.112957691468244,0.0112957691468244
"resident","r_l","elasticity",-9.06837255898401,0.684982282477256,0.0684982282477256
"resident","a_y","elasticity",7.25679693179856,0.846037032400881,0.0846037032400881
"resident","a_bio","elasticity",7.25679693179857,0.846037032400873,0.0846037032400873
"resident","k_l","elasticity",-0.368683269726172,0.0278486030393652,0.00278486030393652
"resident","k_b","elasticity",-0.373737276148589,0.0244692813878182,0.00244692813878182
"resident","k_s","elasticity",-2.19845456557993,0.143936949340114,0.0143936949340114
"resident","k_r","elasticity",-0.401829637515904,0.0303523240231202,0.00303523240231202
"resident","a_f3","elasticity",-0.749999999999997,2.52473322357499e-15,NA
"resident","a_f1","elasticity",0.587656468892199,0.0121037238280252,0.00121037238280252
"resident","a_f2","elasticity",-0.0555903033695596,0.0378960082273098,0.00378960082273098
"resident","S_D","elasticity",1,3.19576772657781e-16,NA
"resident","a_d0","elasticity",0.00796684714032698,0.00214789565613506,0.000214789565613506
"resident","d_I","elasticity",-0.0185198578684431,0.00473163899993009,0.000473163899993009
"resident","a_dG1","elasticity",-0.483557254059097,0.365917805597071,0.0365917805597071
"resident","a_st1","elasticity",0.399180885573339,0.205905072541103,0.0205905072541103
"resident","a_st2","elasticity",0.0928195830324858,0.0451817346276503,0.00451817346276503
"resident","a_st3","elasticity",-0.00275336599495604,0.00055834829722968,5.5834829722968e-05
"resident","storage_relaxation_offset","elasticity",0.015872548857106,0.102229074454081,0.0102229074454081
"resident","k_I","elasticity",2.06698332612831,0.293274630210281,0.0293274630210281
"resident","vcmax_25","elasticity",7.07298703699149,0.510500456143165,0.0510500456143165
"resident","stem_P50","elasticity",8.36273131748444,0.670692512618307,0.0670692512618307
"resident","K_s","elasticity",2.62821329953242,0.198311391066108,0.0198311391066108
"resident","stem_c","elasticity",1.51886855989851,0.166223969748096,0.0166223969748096
"resident","TF24_beta2","elasticity",3.80787148534417,0.326731025545285,0.0326731025545285
"resident","TF24_cost_scale","elasticity",-2.85951995347946,0.196115012110622,0.0196115012110622
"resident","TF24_floor_lambda_o","d ln J / d theta",-2.56966571136977e-05,4.04248218662552e-06,4.04248218662552e-07
"resident","jmax_25","elasticity",5.39872091185662,0.693568867216854,0.0693568867216854
"resident","a","elasticity",1.50979839404974,0.35416347525355,0.035416347525355
"resident","curv_fact_elec_trans","elasticity",2.32625682276037,0.390362431143479,0.0390362431143479
"resident","curv_fact_colim","elasticity",68.5794994878647,5.98065496775702,0.598065496775702
"resident","R_d_25","elasticity",-1.22850807019125,0.118378365536557,0.0118378365536557
"resident","root_c","elasticity",0.219403791026923,0.0320317290520615,0.00320317290520615
"resident","root_P50","elasticity",-0.412203763059628,0.107532495844038,0.0107532495844038
"resident","rooting_depth_max","elasticity",0.238039493200991,0.0538891110015255,0.00538891110015255
"resident","D_c","elasticity",5.43075167704485,0.41621318781194,0.041621318781194
"resident","L_tip","elasticity",-1.02927260115457,0.077914604431711,0.0077914604431711
"resident","recruitment_decay","d ln J / d theta",5.48655863609956,0.678554143719225,0.0678554143719225
"invader","lma","elasticity",-26.9752903470148,1.97819614061448,0.197819614061448
"invader","a_dG2","elasticity",3.93507194066589,0.500238045054518,0.0500238045054518
"invader","rho","elasticity",-12.1207842860183,1.07345694889346,0.107345694889346
"invader","hmat","elasticity",-9.73719706664842,0.817500420917349,0.0817500420917349
"invader","omega","elasticity",0.0617851708492263,0.0423067333366896,0.00423067333366896
"invader","theta","elasticity",-6.22567684892166,0.853095809423807,0.0853095809423807
"invader","a_l1","elasticity",-2.18847038967406,0.131433109672616,0.0131433109672616
"invader","a_l2","elasticity",3.61801862473306,0.671005775963974,0.0671005775963974
"invader","a_r1","elasticity",8.48883540180532,0.604501754367512,0.0604501754367512
"invader","a_b1","elasticity",-2.31707767127833,0.174329522695687,0.0174329522695687
"invader","r_s","elasticity",-1.86848237352567,0.1395155257935,0.01395155257935
"invader","r_b","elasticity",-0.635284006998729,0.0474352787697887,0.00474352787697887
"invader","r_r","elasticity",-3.70993144770094,0.265748956494436,0.0265748956494436
"invader","r_l","elasticity",-22.4972489951674,1.61151776757663,0.161151776757663
"invader","a_y","elasticity",16.5463983000632,1.47725816745313,0.147725816745313
"invader","a_bio","elasticity",16.5463983000632,1.47725816745314,0.147725816745314
"invader","k_l","elasticity",-0.914646951857418,0.0655177801647952,0.00655177801647952
"invader","k_b","elasticity",-0.561366449129619,0.0419160150627316,0.00419160150627316
"invader","k_s","elasticity",-3.3021555831154,0.246564794486647,0.0246564794486647
"invader","k_r","elasticity",-0.996878034072078,0.0714081381398727,0.00714081381398727
"invader","a_f3","elasticity",-0.749999999999997,2.52473322357499e-15,NA
"invader","a_f1","elasticity",0.564302166138681,0.0127291503835189,0.00127291503835189
"invader","a_f2","elasticity",-0.0517238280178896,0.037105447466109,0.0037105447466109
"invader","S_D","elasticity",1,3.19576772657781e-16,NA
"invader","a_d0","elasticity",-0.00529654441176273,0.000406577172294892,4.06577172294892e-05
"invader","d_I","elasticity",-0.161350368195624,0.00496650144011525,0.000496650144011525
"invader","a_dG1","elasticity",-5.77908520790314,0.373210585036517,0.0373210585036517
"invader","a_st1","elasticity",1.95767966631284,0.228273713223395,0.0228273713223395
"invader","a_st2","elasticity",0.527883071817339,0.114492275027067,0.0114492275027067
"invader","a_st3","elasticity",0.00347238808073008,0.00120867284167558,0.000120867284167558
"invader","storage_relaxation_offset","elasticity",1.64501058774919,0.163728971531554,0.0163728971531554
"invader","k_I","elasticity",8.373344978109,0.718059931218581,0.0718059931218581
"invader","vcmax_25","elasticity",13.2286865519696,0.898070914112696,0.0898070914112696
"invader","stem_P50","elasticity",27.6158923905113,2.16822964856134,0.216822964856134
"invader","K_s","elasticity",5.89510743709659,0.453144918293449,0.0453144918293449
"invader","stem_c","elasticity",-2.59667667976721,0.696020987051458,0.0696020987051458
"invader","TF24_beta2","elasticity",8.91984575712116,0.669478234759473,0.0669478234759473
"invader","TF24_cost_scale","elasticity",-9.92491572268798,0.782814656176295,0.0782814656176295
"invader","TF24_floor_lambda_o","d ln J / d theta",-9.90792855749922e-05,7.24071295789851e-06,7.24071295789851e-07
"invader","jmax_25","elasticity",17.0966515453579,1.35694034401089,0.135694034401089
"invader","a","elasticity",8.37334497810899,0.718059931218568,0.0718059931218568
"invader","curv_fact_elec_trans","elasticity",9.41831545383454,0.777062281503751,0.0777062281503751
"invader","curv_fact_colim","elasticity",158.332893357342,11.6185973887142,1.16185973887142
"invader","R_d_25","elasticity",-3.3866721339505,0.248968244403105,0.0248968244403105
"invader","root_c","elasticity",0.149706878878403,0.0223308377758971,0.00223308377758971
"invader","root_P50","elasticity",0.850143053100705,0.115197897655194,0.0115197897655194
"invader","rooting_depth_max","elasticity",0.383006774984839,0.0640993799840723,0.00640993799840723
"invader","D_c","elasticity",10.9270283308431,0.854537218083385,0.0854537218083385
"invader","L_tip","elasticity",-2.25741060478264,0.174299078823671,0.0174299078823671
"invader","recruitment_decay","d ln J / d theta",-1.34776755226535,0.313080603292074,0.0313080603292074
"resident","d.1.lma","curvature in lma",-39.2497836878536,11.6774249853805,1.16774249853805
"resident","d.1.rho","curvature in lma",-19.1700693443922,9.00344002830632,0.900344002830632
"resident","d.1.hmat","curvature in lma",-27.5371579860645,11.3717089752635,1.13717089752635
"resident","d.1.omega","curvature in lma",0.0150227274296,0.193933805233895,0.0193933805233895
"resident","d.1.theta","curvature in lma",-10.5146068298417,6.81586019201794,0.681586019201794
"resident","d.1.a_l1","curvature in lma",3.07521405637267,1.42225795551668,0.142225795551668
"resident","d.1.a_l2","curvature in lma",6.73632728879382,5.6595272407333,0.56595272407333
"resident","d.1.a_r1","curvature in lma",11.7145725773381,3.66666168015348,0.366666168015348
"resident","d.1.a_b1","curvature in lma",-3.13047754758154,1.28226600357076,0.128226600357076
"resident","d.1.r_s","curvature in lma",-3.36058151067033,0.800320976034278,0.0800320976034278
"resident","d.1.r_b","curvature in lma",-1.14259771362789,0.272109131851578,0.0272109131851578
"resident","d.1.r_r","curvature in lma",-4.52939301034808,1.52134787716702,0.152134787716702
"resident","d.1.r_l","curvature in lma",-36.5377612186168,9.2824536313224,0.92824536313224
"resident","d.1.a_y","curvature in lma",18.8757627075928,11.064192150796,1.1064192150796
"resident","d.1.a_bio","curvature in lma",18.8757627075933,11.0641921507952,1.10641921507952
"resident","d.1.k_l","curvature in lma",-1.4854772658417,0.377386938352814,0.0377386938352814
"resident","d.1.k_b","curvature in lma",-1.00965239832363,0.24044826477678,0.024044826477678
"resident","d.1.k_s","curvature in lma",-5.9391317548449,1.41440155751051,0.141440155751051
"resident","d.1.k_r","curvature in lma",-1.21707165303384,0.408794152212687,0.0408794152212687
"resident","d.1.a_f3","curvature in lma",2.42861286636753e-14,2.70225663056437e-13,2.70225663056437e-14
"resident","d.1.a_f1","curvature in lma",0.457257962764381,0.112904264805243,0.0112904264805243
"resident","d.1.a_f2","curvature in lma",-0.825656076115275,0.532522906356612,0.0532522906356612
"resident","d.1.S_D","curvature in lma",-6.93889390390723e-15,2.54816311116007e-14,2.54816311116007e-15
"resident","d.1.a_d0","curvature in lma",0.0180823459525615,0.00483062809104456,0.000483062809104456
"resident","d.1.d_I","curvature in lma",0.0229165602273992,0.0309418092793362,0.00309418092793362
"resident","d.1.a_dG1","curvature in lma",1.20460245413059,1.63423834980032,0.163423834980032
"resident","d.1.a_dG2","curvature in lma",0.944213701383425,0.809967559770685,0.0809967559770685
"resident","d.1.a_st1","curvature in lma",-0.985599498176392,1.03794453813191,0.103794453813191
"resident","d.1.a_st2","curvature in lma",-0.0643169048497631,0.361050338284256,0.0361050338284256
"resident","d.1.a_st3","curvature in lma",-0.000498471853250112,0.00254581438786631,0.000254581438786631
"resident","d.1.storage_relaxation_offset","curvature in lma",-0.413620929243967,0.376551771846655,0.0376551771846655
"resident","d.1.k_I","curvature in lma",7.15535207881441,3.18664695019182,0.318664695019182
"resident","d.1.vcmax_25","curvature in lma",23.1333161082243,7.27313260865473,0.727313260865473
"resident","d.1.stem_P50","curvature in lma",27.3553729465496,8.64007310466308,0.864007310466308
"resident","d.1.K_s","curvature in lma",8.65546251454965,2.26545084559926,0.226545084559926
"resident","d.1.stem_c","curvature in lma",5.21790785735363,1.65103105698373,0.165103105698373
"resident","d.1.TF24_beta2","curvature in lma",12.3602651500502,4.09678737146817,0.409678737146817
"resident","d.1.TF24_cost_scale","curvature in lma",-8.40488189340253,2.79180207922173,0.279180207922173
"resident","d.1.TF24_floor_lambda_o","curvature in lma",-0.000113034234203715,4.34019627044678e-05,4.34019627044678e-06
"resident","d.1.jmax_25","curvature in lma",19.3827963934854,8.17932264349246,0.817932264349246
"resident","d.1.a","curvature in lma",6.43383192685949,2.81421813938895,0.281421813938895
"resident","d.1.curv_fact_elec_trans","curvature in lma",8.65523182333554,3.80977986153584,0.380977986153584
"resident","d.1.curv_fact_colim","curvature in lma",229.094526818599,83.33629516907,8.333629516907
"resident","d.1.R_d_25","curvature in lma",-4.17586368972778,1.50361171938186,0.150361171938186
"resident","d.1.root_c","curvature in lma",0.270601054569959,0.156530797610296,0.0156530797610296
"resident","d.1.root_P50","curvature in lma",-0.0872874290321006,0.195451629593323,0.0195451629593323
"resident","d.1.rooting_depth_max","curvature in lma",-0.449091399378657,0.308122333693956,0.0308122333693956
"resident","d.1.D_c","curvature in lma",17.2353384294019,4.24722942307016,0.424722942307016
"resident","d.1.L_tip","curvature in lma",-3.36406847189446,0.869380093108837,0.0869380093108837
"resident","d.1.recruitment_decay","curvature in lma",12.0334871898678,2.16979080440812,0.216979080440812
"invader","d.1.lma","curvature in lma",-149.220791393716,38.3449816781013,3.83449816781013
"invader","d.1.rho","curvature in lma",-54.983917292665,22.1180367671301,2.21180367671301
"invader","d.1.hmat","curvature in lma",-46.4269451961911,18.1790062089781,1.81790062089781
"invader","d.1.omega","curvature in lma",1.59067547434345,0.697387351289917,0.0697387351289917
"invader","d.1.theta","curvature in lma",-32.9955372233276,16.1970968810574,1.61970968810574
"invader","d.1.a_l1","curvature in lma",5.45948841109814,2.32973366716971,0.232973366716971
"invader","d.1.a_l2","curvature in lma",28.7221070294433,13.1341444892098,1.31341444892098
"invader","d.1.a_r1","curvature in lma",38.1618305968233,10.8424393451963,1.08424393451963
"invader","d.1.a_b1","curvature in lma",-9.19163857502046,3.33738016127616,0.333738016127616
"invader","d.1.r_s","curvature in lma",-7.655325067852,2.06587315793037,0.206587315793037
"invader","d.1.r_b","curvature in lma",-2.60281052306964,0.702396873696262,0.0702396873696262
"invader","d.1.r_r","curvature in lma",-16.9641367530683,4.83864899635971,0.483864899635971
"invader","d.1.r_l","curvature in lma",-125.362208552488,29.7872315271109,2.97872315271109
"invader","d.1.a_y","curvature in lma",74.8067506414027,30.1633974297173,3.01633974297173
"invader","d.1.a_bio","curvature in lma",74.8067506414025,30.1633974297173,3.01633974297173
"invader","d.1.k_l","curvature in lma",-5.09671924577423,1.21102809176347,0.121102809176347
"invader","d.1.k_b","curvature in lma",-2.29996424433159,0.620670494649185,0.0620670494649185
"invader","d.1.k_s","curvature in lma",-13.5292014372448,3.65100290970108,0.365100290970108
"invader","d.1.k_r","curvature in lma",-4.55835250179849,1.30017035814626,0.130017035814626
"invader","d.1.a_f3","curvature in lma",-9.71445146547012e-14,1.97022697747423e-13,1.97022697747423e-14
"invader","d.1.a_f1","curvature in lma",0.822459463148748,0.208055323880638,0.0208055323880638
"invader","d.1.a_f2","curvature in lma",-1.3901847260026,0.841379221090551,0.084137922109055
"invader","d.1.S_D","curvature in lma",1.38777878078145e-14,3.19576772657781e-14,3.19576772657781e-15
"invader","d.1.a_d0","curvature in lma",-0.00591776979924752,0.00333002224074348,0.000333002224074348
"invader","d.1.d_I","curvature in lma",-0.239353942318841,0.0300338269993144,0.00300338269993144
"invader","d.1.a_dG1","curvature in lma",-14.8543547951027,2.35407403993214,0.235407403993214
"invader","d.1.a_dG2","curvature in lma",8.79523593295184,1.97461014671459,0.197461014671459
"invader","d.1.a_st1","curvature in lma",0.62085842050446,1.5137403331366,0.15137403331366
"invader","d.1.a_st2","curvature in lma",0.696179203917114,0.547153856631329,0.0547153856631329
"invader","d.1.a_st3","curvature in lma",0.0124603352588641,0.00665861143934687,0.000665861143934687
"invader","d.1.storage_relaxation_offset","curvature in lma",3.94771643461578,0.736102810693331,0.0736102810693331
"invader","d.1.k_I","curvature in lma",50.3811314645754,13.8929977019323,1.38929977019323
"invader","d.1.vcmax_25","curvature in lma",52.8253670285873,17.6172417696323,1.76172417696323
"invader","d.1.stem_P50","curvature in lma",97.7970089801567,27.0748989332667,2.70748989332667
"invader","d.1.K_s","curvature in lma",21.9883800693394,6.09488741791579,0.609488741791579
"invader","d.1.stem_c","curvature in lma",9.98953392201609,4.20282230078259,0.420282230078259
"invader","d.1.TF24_beta2","curvature in lma",43.4030211734009,12.5154465638987,1.25154465638987
"invader","d.1.TF24_cost_scale","curvature in lma",-34.8244059422401,9.56826465205403,0.956826465205403
"invader","d.1.TF24_floor_lambda_o","curvature in lma",-0.000486280584521615,0.000144385760178407,1.44385760178407e-05
"invader","d.1.jmax_25","curvature in lma",90.9694646666318,26.4363746526118,2.64363746526118
"invader","d.1.a","curvature in lma",50.3811314645757,13.8929977019322,1.38929977019322
"invader","d.1.curv_fact_elec_trans","curvature in lma",53.9255632804977,14.9810763534927,1.49810763534927
"invader","d.1.curv_fact_colim","curvature in lma",757.999403035215,227.703450396586,22.7703450396586
"invader","d.1.R_d_25","curvature in lma",-16.9617453513572,4.88314737508806,0.488314737508806
"invader","d.1.root_c","curvature in lma",0.807336228195502,0.322813344909186,0.0322813344909186
"invader","d.1.root_P50","curvature in lma",2.27443022230266,0.573776793751659,0.0573776793751659
"invader","d.1.rooting_depth_max","curvature in lma",-0.37550159712519,0.349818522368613,0.0349818522368613
"invader","d.1.D_c","curvature in lma",39.914573039482,11.0353113572362,1.10353113572362
"invader","d.1.L_tip","curvature in lma",-8.38885263548558,2.32298807735887,0.232298807735887
"invader","d.1.recruitment_decay","curvature in lma",2.77779738704929,2.22904141288771,0.222904141288771
