"run","variant","tol","accepted","rejected","rows","forward","rows_rel","forward_rel","gradient_rel","e_J","soil_max","soil_med","common","bind_soil","bind_acc","bind_member","bind_storage","x08","x1","secs"
"ark100_1e-4","ark100",1e-04,6364,1276,344628,2474435,-0.641946795081584,-0.64967938698724,-0.643051451068106,-0.0768722180592133,0.0301223162008543,0.00159838446308108,3056,0.433689503456945,0.07950974230044,0.486800754242615,0.188874921433061,0.308296668761785,0.272470144563168,161.442
"ark100_3e-5","ark100",3e-05,8706,2080,471216,3503955,-0.510427478298814,-0.503924062030676,-0.509498418831937,-0.0324725095611756,0.00985594344879154,0.000320416192578388,3055,0.443716976797611,0.0855731679301631,0.470709855272226,0.195267631518493,0.281300252699288,0.230875258442453,227.986
"ark100_1.05e-5","ark100",1.05e-05,11086,2745,603006,4512444,-0.373503514267458,-0.361146221959457,-0.371738186794887,-0.000932405034302919,0.00353088367442644,7.77903294537086e-05,3055,0.445607071982681,0.082626736424319,0.471766191593,0.207198268085874,0.230380660292261,0.181219556197005,294.125
"ark100_1e-5","ark100",1e-05,11191,2747,607150,4536189,-0.369198082087885,-0.357784499806324,-0.367567570333377,-0.000801589178408002,0.00301825106451042,6.7666377032316e-05,3055,0.447055669734608,0.0822982753998749,0.470646054865517,0.206415869895452,0.227593602001608,0.178000178715039,299.443
"ark100_9.5e-6","ark100",9.5e-06,11333,2766,614854,4597449,-0.361193967823544,-0.349111553960843,-0.359467908700301,-0.000779049612745886,0.00227209664041617,6.35151725523198e-05,3055,0.445336627547869,0.0822377128739081,0.472425659578223,0.206211947410218,0.224653666284302,0.176387540810024,302.325
"ark100a_1e-5","ark100a",1e-05,11017,2707,605757,4521993,-0.370645347296897,-0.359794312722133,-0.369095199500502,-0.000806551112408016,0.0030623654423938,7.35933556189616e-05,3055,0.517291458654806,0.000998456930198784,0.481710084414995,0.211128256331125,0.229372787510211,0.182263774167196,312.412
"arkfree_1e-4","arkfree",1e-04,5769,1188,316823,2281536,-0.670834956701524,-0.676989256080406,-0.671714142327078,-0.122015420240083,0.0389360148027951,0.00290412788682562,3056,0.015773964291905,0.000173340266944011,0.984052695441151,0.3111457791645,0.279424510313746,0.25151672733576,148.47
"arkfree_3e-5","arkfree",3e-05,6776,1548,373913,2759271,-0.611520979111797,-0.609353445053788,-0.611211331389224,-0.0702957610931144,0.035057865959831,0.00222193118960123,3055,0.0135773317591499,0.000147579693034238,0.986275088547816,0.335005903187721,0.240997638724911,0.214728453364817,187.575
"arkfree_1e-5","arkfree",1e-05,8055,1902,445906,3308268,-0.53672344559249,-0.531628645015732,-0.535995616938668,-0.0390028938970756,0.0296251066197033,0.00169878803297935,3055,0.0116697703289882,0.000124146492861577,0.98820608317815,0.357541899441341,0.205834885164494,0.183736809435133,211.629
"base_1e-4","base",1e-04,14845,3382,807929,5948875,-0.160597607285157,-0.1577820646991,-0.16019538691572,3.65973089864191e-05,0.000207114561496802,2.50977589361101e-06,3053,0.843853149208488,0.000808352980801617,0.155338497810711,0.0652745031997305,0.0729538565173459,0.00336813742000674,242.955
"base_3e-5","base",3e-05,17684,3912,962505,7063344,0,0,0,-1.25502075876138e-05,3.11164742847203e-05,9.3903845088672e-07,3104,0.831768830581316,0.000848224383623615,0.16738294503506,0.0755485184347433,0.0150418457362588,5.65482922415743e-05,301.223
"base_1e-5","base",1e-05,21106,4624,1150581,8421474,0.195402621285084,0.192278614775098,0.1949563346408,5.19672185483877e-06,1.29375518639896e-05,3.77222767161678e-07,3152,0.819198332227802,0.000710698379607695,0.18009096939259,0.088458258315171,0.00217947503079693,0,366.423
"ck10_1e-4","ck10",1e-04,11886,2899,647495,4829361,-0.327281416719913,-0.31627838032524,-0.325709554377817,-7.13241812292376e-05,0.00191730586124556,1.29278023761337e-05,3048,0.772841998990409,0.00731953558808683,0.219838465421504,0.0890122833585731,0.177099108194515,0.0640249032475181,298.883
"ck10_3.15e-5","ck10",3.15e-05,13845,3384,755601,5648710,-0.214964078108685,-0.200278225157942,-0.212866099115722,-1.4993296709731e-05,0.00135668419593399,5.5481952573877e-06,3049,0.754207295052366,0.00664499819429397,0.239147706753341,0.103647526182737,0.108631274828458,0.0301191765980498,346.111
"ck10_3e-5","ck10",3e-05,13937,3413,761278,5700178,-0.20906592693025,-0.192991591518125,-0.206769593299946,-2.38588657552885e-05,0.00135819287210098,5.26444753856659e-06,3049,0.753462007605654,0.00695989093779149,0.239578101456555,0.103393843725335,0.106335653296979,0.0283418239219344,267.306
"ck10_2.85e-5","ck10",2.85e-05,14057,3482,766970,5752406,-0.203152191417187,-0.185597360117248,-0.200644358374339,-3.06652129009599e-05,0.000932799437355913,4.98505783996794e-06,3049,0.751582841289038,0.00697161556519883,0.241445543145764,0.106210428967774,0.103862844134595,0.0268905171800526,366.324
"ck10_1e-5","ck10",1e-05,16385,4028,894502,6686934,-0.0706521005085687,-0.0532906226852323,-0.0681718893909492,-1.23094111927902e-05,0.000207180060599166,2.23542936012011e-06,3059,0.734757400061031,0.00683552029295087,0.258407079646018,0.120720170888007,0.064632285627098,0.00280744583460482,310.282
"ck100_3e-5","ck100",3e-05,11686,3122,636264,4846690,-0.338949927532844,-0.313825009797059,-0.335360653570589,-9.55658203116716e-05,0.0067544170880377,2.8622216952906e-05,3048,0.628615437275372,0.0565634092075988,0.314821153517029,0.130241314393291,0.211963032688687,0.0916481259626904,308.644
"ck100a_1e-4","ck100a",1e-04,10164,2963,553984,4286879,-0.424435197739233,-0.393080812714204,-0.419955999878514,-0.000123597339140802,0.0186312387895176,7.94551793684706e-05,3048,0.711530893349075,0.000393545848091303,0.288075560802834,0.111176702085793,0.286796536796537,0.154171585989768,274.006
"ck100a_3e-5","ck100a",3e-05,11637,3114,636222,4846564,-0.338993563669799,-0.313842848373235,-0.335400604341719,-9.05817398225706e-05,0.00675439962102381,2.98077375817662e-05,3047,0.682048637965111,0.000687462404399759,0.317263899630489,0.130961588038154,0.219300507003523,0.0947838790066168,299.542
"ck100a_1e-5","ck100a",1e-05,13456,3544,737125,5584898,-0.234159822546376,-0.209312472958984,-0.230610201176749,-5.76053156789991e-05,0.00829090890847478,1.19107095253312e-05,3053,0.654131985731272,0.00066884661117717,0.345199167657551,0.153834720570749,0.154280618311534,0.0545481569560048,349.677
