"regime","base","companion","kind","nodes","role","limit","n","n_over_limit","n_over_eps","largest","largest_over_eps","main_largest","main_largest_over_eps","lnJ_over_eps"
"constant","const_base","const_n215","nodes",215,"invader",0.333333333333333,49,47,47,"a_l1",1172170522308975616,"rho",990650336600634752,271.14299407916
"constant","const_base","const_n54","nodes",54,"invader",0.333333333333333,49,46,46,"a_l1",7.99610477431519e+27,"lma",5.59938574255971e+27,96.6412618921618
"constant","const_base","const_tol","tolerance",108,"invader",0.166666666666667,49,43,43,"rooting_depth_max",32068508843116.4,"lma",1862237448777.8,4.68054379873864e-08
"dry","dry_1e-5","dry_1.05e-5","tolerance",108,"invader",0.166666666666667,49,0,0,"root_c",0.0442807094202397,"stem_P50",0.0281602717573275,0.000807648856543094
"dry","dry_base","dry_n215","nodes",215,"invader",0.333333333333333,49,39,2,"a_d0",1.73224997963915,"stem_P50",0.637271743624088,0.373245883581244
"dry","dry_base","dry_n54","nodes",54,"invader",0.333333333333333,49,31,3,"a_st3",1.81279074502686,"hmat",0.738336762396981,0.611079710297204
"dry","dry_base","dry_tol","tolerance",108,"invader",0.166666666666667,49,0,0,"root_c",0.0607425442554442,"stem_P50",0.019779640413271,0.000801166291260574
"episodic","epi_base","epi_n215","nodes",215,"invader",0.333333333333333,49,7,4,"a_d0",11.1216725403404,"ln J",0.183251837903596,0.183251837903596
"episodic","epi_base","epi_n54","nodes",54,"invader",0.333333333333333,49,8,2,"a_st3",4.03250945318501,"ln J",0.335915355538958,0.335915355538958
"episodic","epi_base","epi_tol","tolerance",108,"invader",0.166666666666667,49,0,0,"root_P50",0.039576020803867,"stem_P50",0.0204860111528949,0.000339192207917988
"long-drought","ld_3e-5","ld_2.85e-5","tolerance",108,"invader",0.166666666666667,49,0,0,"root_c",0.0575846289138825,"stem_P50",0.0366013444982466,0.00035368877082024
"long-drought","ld_3e-5","ld_3.15e-5","tolerance",108,"invader",0.166666666666667,49,0,0,"root_c",0.0313692324481678,"stem_P50",0.00992146866341986,0.000920998879260146
"long-drought","ld_3e-5","ld_n215","nodes",215,"invader",0.333333333333333,49,22,3,"a_st3",3.29034586168028,"lma",0.652678018536697,0.233753077243929
"long-wet","wet_base","wet_n215","nodes",215,"invader",0.333333333333333,49,31,12,"a_st3",2.71414085605643,"lma",1.18528969642937,0.173895397100265
"long-wet","wet_base","wet_n54","nodes",54,"invader",0.333333333333333,49,40,27,"a_l1",4.70965994633498,"lma",2.473556136527,0.190149206961549
"long-wet","wet_base","wet_tol","tolerance",108,"invader",0.166666666666667,49,0,0,"a_d0",0.0241536609566337,"stem_P50",0.00604260853291794,0.000957670958756512
"constant","const_base","const_n215","nodes",215,"resident",0.333333333333333,49,49,47,"d_I",4872.13529795793,"hmat",492.490122675822,271.14299407916
"constant","const_base","const_n54","nodes",54,"resident",0.333333333333333,49,47,44,"a_f2",692.399900212894,"ln J",96.6412618921618,96.6412618921618
"constant","const_base","const_tol","tolerance",108,"resident",0.166666666666667,49,0,0,"rooting_depth_max",0.000223345421672171,"lma",1.6997243178578e-05,4.68054379873864e-08
"dry","dry_1e-5","dry_1.05e-5","tolerance",108,"resident",0.166666666666667,49,1,0,"TF24_cost_scale",0.177799206125117,"a_dG2",0.0909204127979523,0.000807648856543094
"dry","dry_base","dry_n215","nodes",215,"resident",0.333333333333333,49,41,6,"a_st3",14.221588072742,"a_dG2",0.941771699873171,0.373245883581244
"dry","dry_base","dry_n54","nodes",54,"resident",0.333333333333333,49,43,8,"a_st3",27.8058047054761,"hmat",0.740243047941126,0.611079710297204
"dry","dry_base","dry_tol","tolerance",108,"resident",0.166666666666667,49,21,0,"omega",0.648511488240551,"lma",0.227418936544127,0.000801166291260574
"episodic","epi_base","epi_n215","nodes",215,"resident",0.333333333333333,49,7,3,"a_st3",71.4960131850056,"lma",0.183964190580442,0.183251837903596
"episodic","epi_base","epi_n54","nodes",54,"resident",0.333333333333333,49,15,3,"a_st3",31.1852244404416,"stem_P50",0.477116185658966,0.335915355538958
"episodic","epi_base","epi_tol","tolerance",108,"resident",0.166666666666667,49,0,0,"a_dG1",0.136110053118085,"a_dG2",0.0841083910172677,0.000339192207917988
"long-drought","ld_3e-5","ld_2.85e-5","tolerance",108,"resident",0.166666666666667,49,0,0,"d_I",0.0580343676201309,"a_dG2",0.0523166099934162,0.00035368877082024
"long-drought","ld_3e-5","ld_3.15e-5","tolerance",108,"resident",0.166666666666667,49,1,0,"a_dG1",0.23842449947515,"a_dG2",0.146014222562958,0.000920998879260146
"long-drought","ld_3e-5","ld_n215","nodes",215,"resident",0.333333333333333,49,19,2,"a_st3",31.1038965306495,"lma",0.420984133157494,0.233753077243929
"long-wet","wet_base","wet_n215","nodes",215,"resident",0.333333333333333,49,7,1,"a_st3",21.3697589990978,"a_dG2",0.404578424562043,0.173895397100265
"long-wet","wet_base","wet_n54","nodes",54,"resident",0.333333333333333,49,6,2,"a_st3",12.3769773072877,"hmat",0.196898585660844,0.190149206961549
"long-wet","wet_base","wet_tol","tolerance",108,"resident",0.166666666666667,49,1,0,"a_dG1",0.23286412226924,"a_dG2",0.135058238416568,0.000957670958756512
