"run","failures","refused","steps","invader_J","census","secs","peak_mb"
"const_base",0,0,3638,0,0,159.649,245.23046875
"const_n54",0,0,3156,0,0,69.094,191.0390625
"const_tol",0,0,3635,0,0,159.99,245.28515625
"dry_base",0,0,9134,0,0,500.989,458.125
"dry_n54",0,0,8619,0,0,269.417,329.62109375
"dry_tol",0,0,9046,0,0,497.702,454.98046875
"epi_base",0,0,11026,0,0,544.521,485.1796875
"epi_n54",0,0,10592,0,0,280.478,350.65234375
"epi_tol",0,0,10939,0,0,536.539,483.61328125
"ld_2.85e-5",0,0,17863,0,0,929.108,708.51171875
"ld_3.15e-5",0,0,17554,0,0,916.229,699.80078125
"ld_3e-5",0,0,17684,0,0,922.686,703.8203125
"wet_base",0,0,21922,0,0,1140.491,822.8359375
"wet_n54",0,0,21584,0,0,597.512,571.32421875
"wet_tol",0,0,21746,0,0,1111.02,817.93359375
